,City,Lat,Lng,Max Temp,Humidity,Cloudiness,Wind Speed,Country,Date
0,Rikitea,-23.12,-134.97,76.95,73,74,7.11,PF,2020-12-15 03:46:01
1,Buin,-33.73,-70.75,68.0,42,31,6.93,CL,2020-12-15 03:46:03
2,Busselton,-33.65,115.33,72.0,35,0,1.99,AU,2020-12-15 03:46:03
3,Dikson,73.51,80.55,-19.79,88,74,9.26,RU,2020-12-15 03:42:08
4,Rehoboth,-23.32,17.08,57.65,35,9,3.49,NA,2020-12-15 03:46:03
5,New Norfolk,-42.78,147.06,77.0,68,40,26.4,AU,2020-12-15 03:46:04
6,Bubaque,11.28,-15.83,79.29,60,4,15.68,GW,2020-12-15 03:46:04
7,Cabo San Lucas,22.89,-109.91,66.0,72,5,13.87,MX,2020-12-15 03:42:16
8,Nanortalik,60.14,-45.24,32.95,91,100,3.31,GL,2020-12-15 03:42:08
9,Victoria,22.29,114.16,61.0,72,52,1.99,HK,2020-12-15 03:43:24
10,Gat,31.61,34.76,57.0,38,0,1.01,IL,2020-12-15 03:46:04
11,Bluff,-46.6,168.33,63.0,71,0,14.0,NZ,2020-12-15 03:46:04
12,Carnarvon,-24.87,113.63,78.8,57,0,19.46,AU,2020-12-15 03:46:05
13,Mataura,-46.19,168.86,63.0,71,0,14.0,NZ,2020-12-15 03:46:05
14,Provideniya,64.38,-173.3,17.6,72,90,20.13,RU,2020-12-15 03:46:05
15,Port Alfred,-33.59,26.89,66.0,94,99,3.0,ZA,2020-12-15 03:46:05
16,Padang,-0.95,100.35,84.43,62,100,4.76,ID,2020-12-15 03:46:05
17,Ponta Do Sol,32.67,-17.1,60.8,59,20,8.05,PT,2020-12-15 03:46:05
18,Andra,62.51,65.89,0.5,92,15,4.0,RU,2020-12-15 03:46:05
19,Tenenkou,14.46,-4.92,71.2,23,26,9.75,ML,2020-12-15 03:46:05
20,Burnie,-41.07,145.92,77.0,70,6,13.0,AU,2020-12-15 03:46:06
21,Arraial Do Cabo,-22.97,-42.03,73.4,89,40,12.75,BR,2020-12-15 03:46:06
22,Albany,42.6,-73.97,34.0,70,31,1.99,US,2020-12-15 03:45:28
23,Kashi,39.45,75.98,24.8,92,90,4.47,CN,2020-12-15 03:46:06
24,Punta Arenas,-53.15,-70.92,42.8,75,95,25.28,CL,2020-12-15 03:41:36
25,Webuye,0.61,34.77,46.4,87,20,5.82,KE,2020-12-15 03:46:06
26,Hermanus,-34.42,19.23,61.0,89,5,7.34,ZA,2020-12-15 03:46:06
27,Marsa Matruh,31.35,27.25,57.2,82,40,14.99,EG,2020-12-15 03:46:07
28,Qui Nhon,13.77,109.23,78.28,85,91,18.59,VN,2020-12-15 03:46:07
29,Ilulissat,69.22,-51.1,15.8,66,0,9.17,GL,2020-12-15 03:46:07
30,Puerto Ayora,-0.74,-90.35,72.0,90,42,11.01,EC,2020-12-15 03:46:07
31,Ushuaia,-54.8,-68.3,35.6,93,75,20.8,AR,2020-12-15 03:46:07
32,Lebu,-37.62,-73.65,52.07,81,1,15.03,CL,2020-12-15 03:42:21
33,Hilo,19.73,-155.09,78.8,65,1,4.7,US,2020-12-15 03:46:08
34,Lerwick,60.15,-1.15,48.2,81,99,11.41,GB,2020-12-15 03:46:08
35,Sibolga,1.74,98.78,85.91,57,38,4.43,ID,2020-12-15 03:41:36
36,Kaitangata,-46.28,169.85,64.99,71,1,11.01,NZ,2020-12-15 03:46:08
37,Port Blair,11.67,92.75,82.56,77,100,13.24,IN,2020-12-15 03:46:08
38,Tura,25.52,90.22,73.04,48,0,2.3,IN,2020-12-15 03:42:15
39,Presidencia Roque Saenz Pena,-26.79,-60.44,69.01,87,0,1.01,AR,2020-12-15 03:46:08
40,Krasnoborsk,61.56,45.93,18.75,97,97,3.8,RU,2020-12-15 03:46:09
41,Bambous Virieux,-20.34,57.76,77.0,94,75,11.41,MU,2020-12-15 03:46:09
42,Zhuhai,22.28,113.57,57.99,71,40,21.92,CN,2020-12-15 03:46:09
43,Tshela,-4.98,12.93,72.27,94,96,0.07,CD,2020-12-15 03:46:09
44,Petropavlovsk-Kamchatskiy,53.05,158.65,30.2,58,75,24.61,RU,2020-12-15 03:42:32
45,Abreus,22.28,-80.57,73.4,100,10,3.36,CU,2020-12-15 03:46:09
46,Cayenne,4.93,-52.33,75.2,100,0,7.85,GF,2020-12-15 03:46:09
47,Bethel,41.37,-73.41,30.99,92,1,3.36,US,2020-12-15 03:42:10
48,Geraldton,-28.77,114.6,86.0,27,0,16.11,AU,2020-12-15 03:46:09
49,Rio Gallegos,-51.62,-69.22,44.6,64,40,29.97,AR,2020-12-15 03:44:47
50,Cape Town,-33.93,18.42,64.0,82,0,14.99,ZA,2020-12-15 03:44:11
51,Haines Junction,60.75,-137.51,-2.2,84,100,1.12,CA,2020-12-15 03:46:10
52,Castro,-24.79,-50.01,63.45,96,74,3.04,BR,2020-12-15 03:46:10
53,Barrow,71.29,-156.79,-2.2,70,1,27.51,US,2020-12-15 03:45:03
54,Mar Del Plata,-38.0,-57.56,60.8,59,40,17.22,AR,2020-12-15 03:41:31
55,Avarua,-21.21,-159.78,82.4,74,95,9.17,CK,2020-12-15 03:42:13
56,Ahuimanu,21.44,-157.84,82.4,65,40,6.93,US,2020-12-15 03:46:10
57,Alta Floresta,-9.88,-56.09,70.93,96,82,4.14,BR,2020-12-15 03:46:10
58,East London,-33.02,27.91,64.4,93,0,9.17,ZA,2020-12-15 03:46:10
59,Atuona,-9.8,-139.03,78.89,78,10,17.16,PF,2020-12-15 03:46:11
60,Tomatlan,19.93,-105.25,66.52,93,0,1.39,MX,2020-12-15 03:46:11
61,Luhacovice,49.1,17.76,36.0,90,50,3.0,CZ,2020-12-15 03:46:11
62,Hervey Bay,-25.3,152.85,86.0,66,75,14.99,AU,2020-12-15 03:46:11
63,Bredasdorp,-34.53,20.04,59.0,93,29,4.7,ZA,2020-12-15 03:42:10
64,Hasaki,35.73,140.83,52.0,39,20,8.05,JP,2020-12-15 03:46:11
65,Jijiga,9.35,42.8,52.74,40,0,6.13,ET,2020-12-15 03:46:11
66,Vaini,-21.2,-175.2,80.6,83,75,18.34,TO,2020-12-15 03:46:12
67,Tokur,53.13,132.9,-13.13,82,7,0.85,RU,2020-12-15 03:46:12
68,Jamestown,42.1,-79.24,28.99,68,90,16.11,US,2020-12-15 03:46:12
69,Port-Cartier,50.03,-66.87,19.99,79,56,8.05,CA,2020-12-15 03:46:12
70,Shingu,33.73,135.98,44.6,45,75,19.46,JP,2020-12-15 03:46:12
71,Lodja,-3.48,23.43,66.2,96,8,1.77,CD,2020-12-15 03:46:12
72,Kirakira,-10.45,161.92,85.28,73,93,7.7,SB,2020-12-15 03:46:12
73,Awjilah,29.11,21.29,52.43,86,0,10.76,LY,2020-12-15 03:46:12
74,Salalah,17.02,54.09,71.6,43,0,9.17,OM,2020-12-15 03:46:13
75,Kavieng,-2.57,150.8,84.74,70,97,2.64,PG,2020-12-15 03:46:13
76,Yellowknife,62.46,-114.35,-24.0,73,20,6.93,CA,2020-12-15 03:43:03
77,Tabuk,17.42,121.44,73.13,90,99,4.76,PH,2020-12-15 03:46:13
78,Airai,-8.93,125.41,67.75,100,100,1.68,TL,2020-12-15 03:46:13
79,Hobart,-42.88,147.33,77.0,68,40,26.4,AU,2020-12-15 03:45:05
80,Chokurdakh,70.63,147.92,-21.23,88,100,8.28,RU,2020-12-15 03:46:13
81,Saint-Francois,46.42,3.91,53.6,71,0,8.05,FR,2020-12-15 03:46:13
82,Kodiak,57.79,-152.41,32.0,79,90,5.82,US,2020-12-15 03:46:13
83,Qaanaaq,77.48,-69.36,-6.07,83,1,4.74,GL,2020-12-15 03:46:13
84,Krasnyy Yar,46.53,48.35,17.6,85,0,11.18,RU,2020-12-15 03:46:14
85,Upernavik,72.79,-56.15,3.54,91,23,14.97,GL,2020-12-15 03:46:14
86,Bagua Grande,-5.76,-78.44,73.56,69,98,2.53,PE,2020-12-15 03:46:14
87,Port Lincoln,-34.73,135.87,65.52,70,16,19.66,AU,2020-12-15 03:46:14
88,Murgab,37.5,61.97,19.4,92,0,9.17,TM,2020-12-15 03:46:14
89,Kruisfontein,-34.0,24.73,63.0,88,13,5.57,ZA,2020-12-15 03:46:14
90,Ust-Koksa,50.27,85.61,8.4,88,77,1.36,RU,2020-12-15 03:46:14
91,Constitucion,-35.33,-72.42,55.4,88,1,12.01,CL,2020-12-15 03:46:14
92,Srednekolymsk,67.45,153.68,-29.85,84,66,4.72,RU,2020-12-15 03:42:34
93,San Cristobal,7.77,-72.22,64.92,82,73,1.48,VE,2020-12-15 03:46:14
94,Dubbo,-32.25,148.62,87.8,40,34,12.75,AU,2020-12-15 03:44:24
95,Beringovskiy,63.05,179.32,17.29,95,100,13.49,RU,2020-12-15 03:46:15
96,Khatanga,71.97,102.5,-24.32,87,96,2.53,RU,2020-12-15 03:46:15
97,Rawson,-43.3,-65.1,52.56,45,33,9.84,AR,2020-12-15 03:46:15
98,Kapaa,22.08,-159.32,78.8,78,40,6.93,US,2020-12-15 03:46:15
99,Palmer,42.16,-72.33,35.6,74,75,11.41,US,2020-12-15 03:46:15
100,Taldan,53.67,124.8,-11.78,81,1,6.58,RU,2020-12-15 03:46:15
101,Hokitika,-42.72,170.97,61.66,75,17,7.45,NZ,2020-12-15 03:46:15
102,Gizo,-8.1,156.84,84.88,70,100,6.67,SB,2020-12-15 03:42:46
103,Comodoro Rivadavia,-45.87,-67.5,53.6,37,0,11.41,AR,2020-12-15 03:46:16
104,Cidreira,-30.18,-50.21,69.04,78,100,11.56,BR,2020-12-15 03:46:16
105,Chifeng,42.27,118.96,3.97,82,53,6.82,CN,2020-12-15 03:45:36
106,Chuy,-33.7,-53.46,62.89,64,0,12.53,UY,2020-12-15 03:46:16
107,Caravelas,-17.71,-39.25,73.24,91,6,5.14,BR,2020-12-15 03:46:16
108,Eyl,7.98,49.82,72.88,64,58,18.79,SO,2020-12-15 03:46:16
109,Norman Wells,65.28,-126.83,-40.0,65,40,2.24,CA,2020-12-15 03:46:16
110,Tuktoyaktuk,69.45,-133.04,-13.5,90,94,7.99,CA,2020-12-15 03:46:16
111,Balkhash,46.84,74.98,-7.6,76,40,6.71,KZ,2020-12-15 03:42:28
112,Ihosy,-22.4,46.12,66.63,75,79,7.67,MG,2020-12-15 03:46:17
113,Ossora,59.24,163.07,14.94,95,99,19.77,RU,2020-12-15 03:46:17
114,Cherskiy,68.75,161.3,-19.21,88,98,5.41,RU,2020-12-15 03:42:26
115,Ribeira Grande,38.52,-28.7,63.0,79,100,33.49,PT,2020-12-15 03:46:17
116,Tongren,27.72,109.19,32.97,89,100,5.41,CN,2020-12-15 03:46:17
117,Ostrovnoy,68.05,39.51,20.86,96,78,15.5,RU,2020-12-15 03:46:17
118,Yulara,-25.24,130.99,96.8,28,40,11.41,AU,2020-12-15 03:46:17
119,Butaritari,3.07,172.79,81.75,79,60,14.99,KI,2020-12-15 03:46:17
120,Dingle,11.0,122.67,84.4,77,74,12.62,PH,2020-12-15 03:42:39
121,Katobu,-4.94,122.53,84.29,73,100,5.88,ID,2020-12-15 03:46:18
122,Ketchikan,55.34,-131.65,42.8,75,90,17.22,US,2020-12-15 03:42:34
123,Jiayuguan,39.82,98.3,16.84,87,83,1.7,CN,2020-12-15 03:46:18
124,Riyadh,24.69,46.72,48.2,66,0,3.36,SA,2020-12-15 03:42:08
125,Poya,-21.35,165.15,84.45,60,1,11.07,NC,2020-12-15 03:46:18
126,Linjiang,41.81,126.91,5.77,67,98,7.34,CN,2020-12-15 03:46:18
127,Nome,64.5,-165.41,15.8,72,90,13.87,US,2020-12-15 03:42:56
128,Samarai,-10.62,150.67,83.75,69,69,8.39,PG,2020-12-15 03:46:19
129,Raga,8.46,25.68,66.51,27,33,2.04,SS,2020-12-15 03:46:19
130,Leningradskiy,69.38,178.42,18.01,95,100,21.5,RU,2020-12-15 03:42:50
131,Jiangyou,31.77,104.72,43.25,63,98,4.38,CN,2020-12-15 03:44:40
132,Grindavik,63.84,-22.43,41.0,66,75,24.16,IS,2020-12-15 03:46:19
133,Georgetown,5.41,100.34,84.2,74,20,3.36,MY,2020-12-15 03:45:07
134,Takoradi,4.88,-1.76,77.85,88,29,6.55,GH,2020-12-15 03:46:19
135,Wuwei,37.93,102.64,21.04,81,6,2.44,CN,2020-12-15 03:46:20
136,Sitka,57.05,-135.33,42.8,70,90,12.75,US,2020-12-15 03:46:20
137,Saskylakh,71.92,114.08,-31.86,82,89,8.23,RU,2020-12-15 03:46:20
138,Fort Nelson,58.81,-122.7,-4.0,76,90,3.36,CA,2020-12-15 03:46:21
139,Port Elizabeth,-33.92,25.57,63.0,88,27,8.72,ZA,2020-12-15 03:42:12
140,Walvis Bay,-22.96,14.51,61.0,77,1,5.82,NA,2020-12-15 03:46:21
141,Iqaluit,63.75,-68.51,15.8,72,75,20.8,CA,2020-12-15 03:46:21
142,Luderitz,-26.65,15.16,64.4,77,0,14.99,NA,2020-12-15 03:46:21
143,La Ronge,55.1,-105.28,-14.8,83,92,1.12,CA,2020-12-15 03:46:22
144,Cururupu,-1.83,-44.87,75.16,95,100,2.01,BR,2020-12-15 03:45:07
145,Ancud,-41.87,-73.82,46.0,81,75,4.7,CL,2020-12-15 03:44:30
146,Appingedam,53.32,6.86,46.99,98,100,5.01,NL,2020-12-15 03:46:22
147,Rio Pomba,-21.27,-43.18,66.11,86,100,3.15,BR,2020-12-15 03:46:22
148,San Luis,-33.3,-66.34,68.99,25,1,15.17,AR,2020-12-15 03:46:23
149,Meadow Lake,34.8,-106.54,32.0,76,75,6.93,US,2020-12-15 03:46:23
150,Wagar,16.15,36.2,64.85,74,73,7.38,SD,2020-12-15 03:46:23
151,Pevek,69.7,170.31,9.23,93,87,7.83,RU,2020-12-15 03:46:23
152,Harper,4.38,-7.72,78.03,86,41,6.51,LR,2020-12-15 03:46:23
153,Fountain,38.68,-104.7,28.99,74,75,25.28,US,2020-12-15 03:46:23
154,Klaksvik,62.23,-6.59,44.6,100,82,9.17,FO,2020-12-15 03:46:24
155,Calama,-22.47,-68.93,50.0,25,0,6.93,CL,2020-12-15 03:45:50
156,Rokosovo,48.21,23.18,39.2,93,70,4.7,UA,2020-12-15 03:46:24
157,Vaitape,-16.52,-151.75,81.1,75,2,16.82,PF,2020-12-15 03:46:24
158,Caconda,-13.73,15.07,55.89,73,40,4.65,AO,2020-12-15 03:46:24
159,Dakar,14.69,-17.44,69.8,94,0,6.93,SN,2020-12-15 03:41:49
160,Waingapu,-9.66,120.26,84.38,67,98,4.72,ID,2020-12-15 03:46:24
161,Buta,2.79,24.73,68.88,89,100,1.07,CD,2020-12-15 03:46:24
162,Ahipara,-35.17,173.17,68.74,66,50,9.62,NZ,2020-12-15 03:46:24
163,Ayan,56.45,138.17,-7.89,91,100,24.61,RU,2020-12-15 03:46:25
164,Abnub,27.27,31.15,48.2,59,0,9.17,EG,2020-12-15 03:46:25
165,Saint-Philippe,-21.36,55.77,80.6,78,20,3.36,RE,2020-12-15 03:46:25
166,Goderich,43.75,-81.72,28.4,58,95,17.22,CA,2020-12-15 03:46:25
167,Deputatskiy,69.3,139.9,-31.0,84,88,4.85,RU,2020-12-15 03:42:33
168,Linxia,35.6,103.21,23.81,84,59,2.68,CN,2020-12-15 03:46:25
169,Yarada,17.65,83.27,77.0,83,20,5.82,IN,2020-12-15 03:46:25
170,Povenets,62.85,34.83,19.26,96,97,2.04,RU,2020-12-15 03:46:25
171,Lasa,46.62,10.7,35.01,92,20,4.7,IT,2020-12-15 03:46:26
172,Waipawa,-41.41,175.52,69.8,52,0,24.16,NZ,2020-12-15 03:46:26
173,Kununurra,-15.77,128.73,95.0,50,40,6.93,AU,2020-12-15 03:46:26
174,Baoro,5.67,15.97,66.83,37,44,0.69,CF,2020-12-15 03:46:26
175,Tasiilaq,65.61,-37.64,30.2,63,99,5.82,GL,2020-12-15 03:46:26
176,Batsfjord,70.63,29.72,27.41,94,100,18.07,NO,2020-12-15 03:46:26
177,Codrington,-38.27,141.97,66.7,71,21,14.97,AU,2020-12-15 03:46:26
178,Flinders,-34.58,150.86,77.0,73,75,12.75,AU,2020-12-15 03:46:26
179,Miri,4.41,114.01,86.0,79,40,8.05,MY,2020-12-15 03:46:26
180,Hithadhoo,-0.6,73.08,81.34,74,20,11.36,MV,2020-12-15 03:46:26
181,Corinto,37.94,22.96,55.99,62,50,6.69,GR,2020-12-15 03:46:27
182,Duayaw Nkwanta,7.17,-2.1,69.89,99,54,2.62,GH,2020-12-15 03:46:27
183,Tiksi,71.69,128.87,-25.29,82,54,5.46,RU,2020-12-15 03:46:27
184,Praia Da Vitoria,38.73,-27.07,61.0,82,75,25.99,PT,2020-12-15 03:46:27
185,Bathurst,-33.42,149.58,82.0,67,85,5.01,AU,2020-12-15 03:44:40
186,Fortuna,40.6,-124.16,44.01,93,100,3.04,US,2020-12-15 03:46:27
187,Formosa,-26.18,-58.18,69.8,100,0,4.63,AR,2020-12-15 03:41:30
188,Puerto El Triunfo,13.28,-88.55,77.0,83,40,6.93,SV,2020-12-15 03:46:27
189,Cintalapa,16.7,-93.73,66.33,91,91,4.27,MX,2020-12-15 03:46:27
190,Lagoa,39.05,-27.98,62.69,79,100,42.32,PT,2020-12-15 03:46:28
191,Westport,41.14,-73.36,36.0,92,1,13.56,US,2020-12-15 03:42:13
192,Matay,28.42,30.78,51.04,68,0,7.72,EG,2020-12-15 03:46:28
193,Torbay,47.67,-52.73,37.0,100,90,18.34,CA,2020-12-15 03:46:28
194,Hvide Sande,56.0,8.13,46.99,76,100,5.99,DK,2020-12-15 03:46:28
195,Ridgecrest,35.62,-117.67,44.6,33,1,10.29,US,2020-12-15 03:46:28
196,Kavaratti,10.57,72.64,84.2,74,20,3.36,IN,2020-12-15 03:42:10
197,Spring Hill,28.48,-82.53,63.0,88,75,3.36,US,2020-12-15 03:46:28
198,Maniitsoq,65.42,-52.9,17.85,85,0,3.98,GL,2020-12-15 03:46:29
199,Clyde River,70.47,-68.59,6.8,92,90,16.11,CA,2020-12-15 03:46:29
200,Eregli,37.51,34.05,42.01,84,100,2.24,TR,2020-12-15 03:46:29
201,Luang Prabang,19.89,102.13,68.0,64,0,1.28,LA,2020-12-15 03:46:29
202,Nantucket,41.28,-70.1,37.4,86,40,19.46,US,2020-12-15 03:46:29
203,Thompson,55.74,-97.86,-25.6,82,5,3.36,CA,2020-12-15 03:46:29
204,Kharian,32.81,73.86,51.8,87,40,5.12,PK,2020-12-15 03:43:56
205,Hualmay,-11.1,-77.61,67.21,86,98,6.06,PE,2020-12-15 03:46:29
206,Novobirilyussy,56.95,90.67,14.76,95,100,12.95,RU,2020-12-15 03:46:29
207,Tabas,33.6,56.92,32.0,59,0,2.24,IR,2020-12-15 03:46:30
208,Anadyr,64.75,177.48,10.4,72,40,6.71,RU,2020-12-15 03:42:14
209,Saint-Pierre,-21.34,55.48,80.6,78,20,3.36,RE,2020-12-15 03:46:30
210,Mahebourg,-20.41,57.7,77.0,94,75,11.41,MU,2020-12-15 03:46:30
211,Honiara,-9.43,159.95,89.6,70,75,9.17,SB,2020-12-15 03:46:30
212,Yumen,40.28,97.2,16.97,87,3,0.83,CN,2020-12-15 03:46:30
213,Santa Rosa,14.31,121.11,86.0,70,75,4.7,PH,2020-12-15 03:46:30
214,Bay Roberts,47.6,-53.26,37.99,100,90,18.34,CA,2020-12-15 03:46:30
215,Angoche,-16.23,39.91,78.64,82,100,7.65,MZ,2020-12-15 03:46:30
216,Tornio,65.85,24.15,30.2,74,90,12.75,FI,2020-12-15 03:46:31
217,Broken Hill,-31.95,141.43,100.4,10,6,16.11,AU,2020-12-15 03:46:31
218,Nikolskoye,59.7,30.79,28.4,92,90,2.24,RU,2020-12-15 03:46:31
219,College,64.86,-147.8,14.0,72,90,8.05,US,2020-12-15 03:46:31
220,Sur,22.57,59.53,72.18,51,0,14.2,OM,2020-12-15 03:46:31
221,Boulder,40.08,-105.35,28.4,100,90,5.82,US,2020-12-15 03:46:31
222,Chumikan,54.72,135.31,-9.65,79,100,24.34,RU,2020-12-15 03:46:31
223,Port Macquarie,-31.43,152.92,73.4,100,90,16.11,AU,2020-12-15 03:46:31
224,Lensk,60.73,114.93,-5.78,88,99,4.85,RU,2020-12-15 03:46:32
225,Hofn,64.25,-15.21,39.83,90,100,25.1,IS,2020-12-15 03:42:14
226,Itarema,-2.92,-39.92,78.57,83,71,11.36,BR,2020-12-15 03:46:32
227,Pedernales,18.04,-71.74,76.57,71,2,3.13,DO,2020-12-15 03:46:32
228,Katsuura,35.13,140.3,53.01,48,20,5.82,JP,2020-12-15 03:46:32
229,Mount Gambier,-37.83,140.77,69.8,60,75,18.34,AU,2020-12-15 03:43:11
230,Namatanai,-3.67,152.43,84.54,73,100,3.76,PG,2020-12-15 03:46:32
231,Bagdarin,54.43,113.6,-11.09,74,0,0.89,RU,2020-12-15 03:46:33
232,Chernyshevskiy,63.01,112.47,-18.44,89,100,5.48,RU,2020-12-15 03:46:33
233,Fomboni,-12.28,43.74,82.54,68,60,6.24,KM,2020-12-15 03:46:33
234,Kyrylivka,46.38,35.37,41.76,91,89,18.23,UA,2020-12-15 03:46:33
235,Oistins,13.07,-59.53,78.8,83,20,10.29,BB,2020-12-15 03:42:32
236,Kamaishi,39.27,141.88,26.6,86,75,2.24,JP,2020-12-15 03:46:33
237,Lastoursville,-0.81,12.73,72.41,92,100,0.76,GA,2020-12-15 03:46:33
238,Nova Odesa,47.31,31.79,35.71,93,81,9.73,UA,2020-12-15 03:46:33
239,Margate,51.38,1.39,46.99,90,100,1.01,GB,2020-12-15 03:46:33
240,Camalu,30.85,-116.07,56.21,78,23,6.24,MX,2020-12-15 03:46:34
241,Birao,10.28,22.79,65.84,27,2,2.51,CF,2020-12-15 03:46:34
242,Longyearbyen,78.22,15.64,21.2,57,0,19.46,SJ,2020-12-15 03:41:44
243,Sinaloa,25.0,-107.5,64.4,77,5,2.1,MX,2020-12-15 03:46:34
244,Maceio,-9.67,-35.74,73.4,88,40,2.24,BR,2020-12-15 03:43:50
245,Samarkand,39.65,66.96,28.4,92,90,6.93,UZ,2020-12-15 03:46:34
246,Anshun,26.25,105.93,34.95,83,99,6.53,CN,2020-12-15 03:46:34
247,Narsaq,60.92,-46.05,41.0,32,99,14.99,GL,2020-12-15 03:46:34
248,Jiquilisco,13.32,-88.58,77.0,83,40,6.93,SV,2020-12-15 03:46:35
249,Edwardsville,38.81,-89.95,26.01,100,1,4.85,US,2020-12-15 03:44:32
250,Namibe,-15.2,12.15,64.65,84,88,3.2,AO,2020-12-15 03:46:35
251,Atar,20.52,-13.05,62.74,29,0,7.31,MR,2020-12-15 03:46:35
252,Tazovskiy,67.47,78.7,-15.34,90,40,9.22,RU,2020-12-15 03:42:29
253,Swellendam,-34.02,20.44,59.0,93,2,4.7,ZA,2020-12-15 03:46:35
254,Dundee,56.5,-2.97,42.8,87,20,9.17,GB,2020-12-15 03:46:35
255,Fukue,32.69,128.84,39.2,69,75,17.22,JP,2020-12-15 03:46:35
256,Bagado,5.41,-76.42,73.49,91,100,0.67,CO,2020-12-15 03:46:36
257,Avera,33.19,-82.53,50.0,81,1,3.36,US,2020-12-15 03:46:36
258,Balikpapan,-1.27,116.83,86.0,94,40,4.7,ID,2020-12-15 03:46:36
259,Ulladulla,-35.35,150.47,77.0,73,75,12.75,AU,2020-12-15 03:46:36
260,Esperance,-33.87,121.9,68.0,45,75,14.99,AU,2020-12-15 03:42:43
261,Muisne,0.6,-80.03,74.97,84,100,5.61,EC,2020-12-15 03:42:16
262,Gora Kalwaria,51.98,21.22,32.0,98,75,11.41,PL,2020-12-15 03:46:36
263,Amuntai,-2.42,115.25,89.96,56,100,2.39,ID,2020-12-15 03:46:36
264,Quatre Cocos,-20.21,57.76,77.0,94,75,11.41,MU,2020-12-15 03:46:36
265,Segezha,63.74,34.32,20.46,97,78,5.23,RU,2020-12-15 03:46:36
266,Alice Springs,-23.7,133.88,96.8,22,75,8.05,AU,2020-12-15 03:42:11
267,Patacamaya,-17.23,-67.92,47.41,72,99,7.63,BO,2020-12-15 03:46:37
268,Yeppoon,-23.13,150.73,89.6,49,75,10.29,AU,2020-12-15 03:46:37
269,Ushtobe,45.25,77.98,10.17,86,0,1.99,KZ,2020-12-15 03:46:37
270,Soria,41.67,-2.67,39.87,88,73,13.65,ES,2020-12-15 03:46:37
271,Port Hardy,50.7,-127.42,44.6,87,90,19.46,CA,2020-12-15 03:46:37
272,Bengkulu,-3.8,102.27,82.24,68,100,4.5,ID,2020-12-15 03:46:37
273,Puerto Baquerizo Moreno,-0.9,-89.6,71.49,86,33,8.63,EC,2020-12-15 03:46:37
274,El Sauzal,31.9,-116.68,57.99,83,38,5.01,MX,2020-12-15 03:46:38
275,Ornes,66.87,13.71,37.4,64,0,8.05,NO,2020-12-15 03:46:38
276,Boende,-0.22,20.87,69.84,94,21,1.9,CD,2020-12-15 03:46:38
277,Taltal,-25.4,-70.48,60.96,77,15,0.02,CL,2020-12-15 03:46:38
278,Joshimath,30.57,79.57,46.22,34,28,2.39,IN,2020-12-15 03:46:38
279,Bairiki,1.33,172.98,86.0,70,40,11.41,KI,2020-12-15 03:46:38
280,Bandarbeyla,9.49,50.81,72.32,67,72,18.37,SO,2020-12-15 03:46:38
281,General Roca,-39.03,-67.58,62.6,39,0,9.17,AR,2020-12-15 03:46:38
282,Tautira,-17.73,-149.15,84.2,62,20,18.34,PF,2020-12-15 03:46:38
283,Grants,35.15,-107.85,28.4,68,90,9.17,US,2020-12-15 03:46:39
284,Sovetskiy,61.36,63.58,11.68,96,91,2.77,RU,2020-12-15 03:46:39
285,Mairi,-11.71,-40.15,64.13,94,0,1.99,BR,2020-12-15 03:46:39
286,Nhulunbuy,-12.23,136.77,86.0,70,75,9.17,AU,2020-12-15 03:46:39
287,Pangai,-19.8,-174.35,78.94,84,100,32.03,TO,2020-12-15 03:46:39
288,Paranhos,-23.89,-55.43,66.43,95,0,3.42,BR,2020-12-15 03:46:39
289,Ustyuzhna,58.84,36.43,23.27,98,100,3.18,RU,2020-12-15 03:46:39
290,Chicama,-7.84,-79.15,68.13,77,99,3.74,PE,2020-12-15 03:42:25
291,Muli,2.92,73.57,83.07,63,90,4.76,MV,2020-12-15 03:42:47
292,Barranca,-10.75,-77.77,67.28,85,100,4.03,PE,2020-12-15 03:46:41
293,Ponta Delgada,37.73,-25.67,60.8,72,75,24.16,PT,2020-12-15 03:44:06
294,Inhambane,-23.86,35.38,69.8,100,75,8.3,MZ,2020-12-15 03:42:39
295,Ogaminana,7.59,6.22,73.29,90,68,3.18,NG,2020-12-15 03:46:42
296,Kindu,-2.95,25.95,66.49,97,100,2.51,CD,2020-12-15 03:46:42
297,Stykkisholmur,65.08,-22.73,36.07,83,100,25.43,IS,2020-12-15 03:46:42
298,Sao Filipe,14.9,-24.5,73.63,73,15,9.01,CV,2020-12-15 03:46:43
299,Rosetta,31.4,30.42,60.8,77,40,18.34,EG,2020-12-15 03:46:43
300,Shaunavon,49.65,-108.42,8.6,84,11,5.68,CA,2020-12-15 03:46:43
301,Gigmoto,13.78,124.39,83.66,73,98,11.83,PH,2020-12-15 03:42:28
302,Bardiyah,31.76,25.09,58.87,77,39,24.99,LY,2020-12-15 03:46:43
303,Teya,60.38,92.63,8.2,91,100,8.28,RU,2020-12-15 03:42:17
304,Jalu,29.03,21.55,52.45,86,0,10.49,LY,2020-12-15 03:46:44
305,Camacha,33.08,-16.33,59.0,67,40,9.17,PT,2020-12-15 03:44:17
306,Pisco,-13.7,-76.22,66.2,88,90,13.87,PE,2020-12-15 03:46:44
307,Helena,46.59,-112.04,32.0,91,75,4.7,US,2020-12-15 03:42:28
308,Lincoln,40.8,-96.67,19.4,73,1,5.82,US,2020-12-15 03:45:58
309,Moshenskoye,58.51,34.59,23.9,98,99,1.52,RU,2020-12-15 03:46:44
310,Rocha,-34.48,-54.33,62.82,46,0,15.28,UY,2020-12-15 03:46:44
311,Saldanha,-33.01,17.94,59.0,87,0,9.17,ZA,2020-12-15 03:42:19
312,Kattivakkam,13.22,80.32,78.8,88,40,3.36,IN,2020-12-15 03:46:44
313,Bonaventure,48.05,-65.49,23.0,85,95,5.82,CA,2020-12-15 03:46:44
314,Broome,42.25,-75.83,30.99,63,75,18.34,US,2020-12-15 03:42:08
315,Nangomba,-10.9,38.5,74.37,83,39,5.55,TZ,2020-12-15 03:46:45
316,San Jose,37.34,-121.89,50.0,76,5,6.93,US,2020-12-15 03:41:50
317,Hambantota,6.12,81.12,78.8,83,40,2.24,LK,2020-12-15 03:46:45
318,Atlantic City,39.36,-74.42,37.99,73,1,9.17,US,2020-12-15 03:46:45
319,Polovinnoye,54.79,65.99,10.8,93,17,11.21,RU,2020-12-15 03:46:45
320,Mercedes,-34.65,-59.43,70.0,59,24,4.0,AR,2020-12-15 03:46:45
321,Buluang,13.31,123.34,87.22,63,54,3.85,PH,2020-12-15 03:46:45
322,Wajima,37.4,136.9,30.2,100,90,5.82,JP,2020-12-15 03:46:45
323,Aleksandrov Gay,50.15,48.57,13.89,95,79,10.33,RU,2020-12-15 03:46:45
324,Pitimbu,-7.47,-34.81,77.0,88,40,4.7,BR,2020-12-15 03:46:46
325,Tashtyp,52.79,89.9,21.13,94,100,9.19,RU,2020-12-15 03:46:46
326,Teguise,29.06,-13.56,64.4,82,40,5.82,ES,2020-12-15 03:46:46
327,Kurchum,48.57,83.65,-1.14,82,27,0.69,KZ,2020-12-15 03:46:46
328,Meulaboh,4.14,96.13,84.0,67,68,2.68,ID,2020-12-15 03:43:15
329,Alto Araguaia,-17.31,-53.22,69.12,87,100,3.96,BR,2020-12-15 03:46:46
330,Carutapera,-1.2,-46.02,77.36,87,100,4.9,BR,2020-12-15 03:46:46
331,Challapata,-18.9,-66.77,52.07,37,36,4.36,BO,2020-12-15 03:46:46
332,Pirgos,35.12,25.72,60.01,81,60,20.67,GR,2020-12-15 03:46:46
333,Gravdal,68.12,13.5,36.28,84,94,10.11,NO,2020-12-15 03:42:38
334,Dzaoudzi,-12.79,45.27,82.4,78,0,5.82,YT,2020-12-15 03:46:47
335,Maharajganj,27.13,83.57,64.92,35,0,3.06,IN,2020-12-15 03:46:47
336,Warrington,53.39,-2.58,43.0,87,67,9.17,GB,2020-12-15 03:46:47
337,Rumonge,-3.97,29.44,69.37,75,95,3.78,BI,2020-12-15 03:46:47
338,Nishihara,26.18,127.76,64.4,59,90,9.17,JP,2020-12-15 03:42:13
339,Axim,4.87,-2.24,77.85,88,27,6.42,GH,2020-12-15 03:46:47
340,Huarmey,-10.07,-78.15,67.87,83,99,4.47,PE,2020-12-15 03:46:47
341,Mount Isa,-20.73,139.5,100.4,24,45,9.17,AU,2020-12-15 03:46:47
342,Conde,-7.26,-34.91,77.0,88,40,4.7,BR,2020-12-15 03:43:35
343,Poronaysk,49.22,143.12,15.01,81,100,21.12,RU,2020-12-15 03:46:48
344,Dunedin,-45.87,170.5,64.31,54,0,7.92,NZ,2020-12-15 03:46:48
345,Ploemeur,47.73,-3.43,50.0,76,20,12.75,FR,2020-12-15 03:46:48
346,Esmeraldas,-19.76,-44.31,71.6,60,0,5.82,BR,2020-12-15 03:45:22
347,Noyabrsk,63.2,75.45,-21.01,88,7,10.07,RU,2020-12-15 03:46:48
348,Mabaruma,8.2,-59.78,73.04,98,73,1.23,GY,2020-12-15 03:46:48
349,Sioux Lookout,50.1,-91.92,-5.8,70,90,6.93,CA,2020-12-15 03:46:48
350,Alofi,-19.06,-169.92,77.0,88,90,10.29,NU,2020-12-15 03:46:48
351,Banda Aceh,5.56,95.32,82.0,74,100,9.4,ID,2020-12-15 03:46:49
352,Gandu,-13.74,-39.49,67.01,96,32,1.74,BR,2020-12-15 03:45:13
353,Fayetteville,35.05,-78.88,44.6,75,1,5.82,US,2020-12-15 03:46:20
354,Auki,-8.77,160.7,86.09,67,66,8.95,SB,2020-12-15 03:46:49
355,Da Nang,16.07,108.22,80.6,78,75,9.17,VN,2020-12-15 03:45:26
356,Riberalta,-10.98,-66.1,73.0,97,100,1.41,BO,2020-12-15 03:46:49
357,Icod De Los Vinos,28.37,-16.71,66.0,91,49,1.01,ES,2020-12-15 03:46:49
358,Faanui,-16.48,-151.75,80.2,76,1,16.78,PF,2020-12-15 03:42:33
359,Tranas,58.04,14.98,41.0,93,91,9.17,SE,2020-12-15 03:46:49
360,Atasu,48.68,71.64,1.87,89,33,1.25,KZ,2020-12-15 03:46:49
361,Qianguo,45.12,124.86,-0.02,81,0,8.19,CN,2020-12-15 03:46:50
362,Kalabo,-14.97,22.68,64.6,90,100,5.97,ZM,2020-12-15 03:46:50
363,Nabire,-3.37,135.48,86.36,69,96,7.43,ID,2020-12-15 03:46:13
364,Komsomolskiy,40.43,71.72,30.2,86,75,1.95,UZ,2020-12-15 03:42:36
365,Panguna,-6.32,155.48,79.34,79,100,2.75,PG,2020-12-15 03:46:50
366,Kota Belud,6.35,116.43,87.8,74,20,4.7,MY,2020-12-15 03:46:50
367,Cabedelo,-6.98,-34.83,77.0,88,40,4.7,BR,2020-12-15 03:46:50
368,Moose Factory,51.26,-80.61,-9.4,69,1,18.34,CA,2020-12-15 03:46:50
369,Lompoc,34.64,-120.46,48.99,93,1,8.05,US,2020-12-15 03:45:17
370,Zakharovo,54.37,39.28,19.0,91,100,5.01,RU,2020-12-15 03:46:51
371,Pimenta Bueno,-11.67,-61.19,71.98,95,100,1.7,BR,2020-12-15 03:41:59
372,Palaikastron,35.2,26.25,60.01,81,41,22.95,GR,2020-12-15 03:46:51
373,Chiredzi,-21.05,31.67,73.8,84,11,4.83,ZW,2020-12-15 03:46:51
374,Xunchang,28.45,104.72,41.38,87,99,4.07,CN,2020-12-15 03:46:51
375,Gasa,31.5,34.47,57.0,38,0,1.01,PS,2020-12-15 03:46:51
376,Swan River,52.11,-101.27,-0.4,84,100,2.24,CA,2020-12-15 03:46:51
377,Esil,51.96,66.4,4.53,94,98,5.17,KZ,2020-12-15 03:46:51
378,Vila Velha,-20.33,-40.29,77.0,73,0,9.17,BR,2020-12-15 03:46:51
379,Yining,29.04,114.56,41.74,61,44,4.65,CN,2020-12-15 03:46:51
380,La Rochelle,46.17,-1.15,51.8,93,100,11.41,FR,2020-12-15 03:46:52
381,Naze,28.37,129.48,62.6,55,75,14.99,JP,2020-12-15 03:46:52
382,Lardos,36.09,28.02,57.99,87,75,3.36,GR,2020-12-15 03:46:52
383,Korem,12.51,39.52,46.83,60,49,1.48,ET,2020-12-15 03:46:52
384,Pontianak,-0.03,109.33,88.81,59,100,3.44,ID,2020-12-15 03:43:05
385,Tual,-5.67,132.75,83.32,79,100,21.56,ID,2020-12-15 03:43:40
386,Kenai,60.55,-151.26,28.4,79,90,8.05,US,2020-12-15 03:46:52
387,Willowmore,-33.29,23.49,59.56,71,23,4.23,ZA,2020-12-15 03:46:52
388,Palembang,-2.92,104.75,84.2,79,40,1.83,ID,2020-12-15 03:46:53
389,Rouvroy,50.39,2.9,51.01,93,75,11.41,FR,2020-12-15 03:46:53
390,Tucuma,-0.18,-50.05,77.45,86,91,4.47,BR,2020-12-15 03:42:11
391,Taoudenni,22.68,-3.98,65.48,34,100,7.0,ML,2020-12-15 03:42:15
392,Labuhan,-6.88,112.21,82.35,78,99,3.67,ID,2020-12-15 03:46:53
393,Veisiejai,54.1,23.7,30.2,92,90,2.24,LT,2020-12-15 03:46:53
394,Tessalit,20.2,1.01,61.0,30,94,3.49,ML,2020-12-15 03:46:53
395,Alcains,39.92,-7.46,48.0,95,33,3.0,PT,2020-12-15 03:46:53
396,Maxixe,-23.86,35.35,69.8,100,75,7.61,MZ,2020-12-15 03:46:54
397,Huilong,31.81,121.66,41.0,61,85,1.01,CN,2020-12-15 03:46:54
398,Okhotsk,59.38,143.3,-4.16,83,100,29.64,RU,2020-12-15 03:46:54
399,Kholm-Zhirkovskiy,55.52,33.47,21.51,98,89,2.8,RU,2020-12-15 03:46:54
400,Ambilobe,-13.2,49.05,79.25,74,89,2.59,MG,2020-12-15 03:46:54
401,Olinda,-8.01,-34.86,77.0,73,75,10.29,BR,2020-12-15 03:46:54
402,Sillamae,59.4,27.75,29.32,98,99,6.58,EE,2020-12-15 03:46:54
403,Yuancheng,36.65,107.79,23.11,78,0,3.04,CN,2020-12-15 03:46:54
404,Biloela,-24.42,150.5,86.79,46,94,8.12,AU,2020-12-15 03:46:54
405,Souillac,-20.52,57.52,77.0,94,75,11.41,MU,2020-12-15 03:42:20
406,Juneau,58.3,-134.42,33.8,94,90,6.93,US,2020-12-15 03:46:28
407,Talcahuano,-36.72,-73.12,55.4,76,0,14.99,CL,2020-12-15 03:46:06
408,Zhigansk,66.77,123.37,-32.19,82,100,16.26,RU,2020-12-15 03:43:54
409,Manokwari,-0.87,134.08,81.81,80,100,10.25,ID,2020-12-15 03:45:58
410,Altay,47.87,88.12,5.36,73,0,1.77,CN,2020-12-15 03:46:55
411,Guaymas,27.93,-110.9,55.99,58,0,3.38,MX,2020-12-15 03:46:55
412,Saint-Georges,12.06,-61.75,77.0,94,20,9.95,GD,2020-12-15 03:44:02
413,Sabang,5.89,95.32,80.49,77,100,11.81,ID,2020-12-15 03:46:55
414,Prince Albert,53.2,-105.77,-2.2,77,90,4.7,CA,2020-12-15 03:45:02
415,Trincomalee,8.57,81.23,79.74,81,75,11.41,LK,2020-12-15 03:42:21
416,Robertson,36.52,-86.87,33.01,80,90,4.7,US,2020-12-15 03:46:56
417,Varhaug,58.61,5.65,48.2,93,90,12.75,NO,2020-12-15 03:46:56
418,Coihaique,-45.58,-72.07,46.4,45,0,5.82,CL,2020-12-15 03:46:56
419,Grand Gaube,-20.01,57.66,75.99,90,11,8.01,MU,2020-12-15 03:46:56
420,Marystown,47.17,-55.15,40.84,96,100,12.73,CA,2020-12-15 03:46:56
421,Santa Cruz,-17.8,-63.17,66.2,100,75,4.7,BO,2020-12-15 03:46:56
422,Tekeli,44.83,78.82,15.93,78,0,5.7,KZ,2020-12-15 03:46:56
423,Tromso,69.65,18.96,32.0,94,90,6.93,NO,2020-12-15 03:46:56
424,Tuatapere,-46.13,167.68,63.0,71,13,14.0,NZ,2020-12-15 03:46:57
425,Guerrero Negro,27.98,-114.06,60.67,80,58,16.55,MX,2020-12-15 03:46:57
426,Oussouye,12.48,-16.55,69.8,94,0,4.7,SN,2020-12-15 03:46:57
427,Opuwo,-18.06,13.84,57.15,46,25,2.26,NA,2020-12-15 03:45:40
428,Yangjiang,21.85,111.97,57.09,56,99,10.76,CN,2020-12-15 03:46:57
429,Baykit,61.67,96.37,4.37,90,100,3.42,RU,2020-12-15 03:46:57
430,Mirnyy,62.54,113.96,-27.4,67,0,4.47,RU,2020-12-15 03:46:57
431,Balykshi,47.07,51.87,14.0,66,0,15.66,KZ,2020-12-15 03:46:57
432,Sambava,-14.27,50.17,78.48,67,0,8.14,MG,2020-12-15 03:42:33
433,Hamilton,39.18,-84.53,28.99,74,1,3.89,US,2020-12-15 03:45:58
434,Ust-Kuyga,70.02,135.6,-28.84,82,97,6.96,RU,2020-12-15 03:46:58
435,Santa Isabel,-23.32,-46.22,73.4,83,90,5.82,BR,2020-12-15 03:46:58
436,Marshall,34.38,-86.33,39.0,91,90,5.82,US,2020-12-15 03:46:58
437,Portland,45.52,-122.68,44.01,93,90,3.78,US,2020-12-15 03:46:52
438,Maragogi,-9.01,-35.22,75.92,86,8,6.31,BR,2020-12-15 03:46:58
439,Quang Ngai,15.12,108.8,76.64,87,99,7.78,VN,2020-12-15 03:42:14
440,Macherla,16.48,79.43,75.15,71,0,5.21,IN,2020-12-15 03:46:58
441,Buraydah,26.33,43.98,53.6,76,0,8.05,SA,2020-12-15 03:46:58
442,Rio Grande,-32.03,-52.1,63.0,85,0,10.85,BR,2020-12-15 03:44:37
443,Jumla,29.27,82.18,49.93,25,0,3.65,NP,2020-12-15 03:46:59
444,Sola,-13.88,167.55,89.6,79,75,8.05,VU,2020-12-15 03:46:59
445,Nara,34.69,135.8,45.0,48,75,19.46,JP,2020-12-15 03:42:12
446,Bure,10.7,37.07,54.43,41,42,3.94,ET,2020-12-15 03:46:59
447,Llangefni,53.26,-4.31,50.0,87,80,20.8,GB,2020-12-15 03:47:00
448,Rognan,67.1,15.39,37.4,64,0,8.05,NO,2020-12-15 03:47:00
449,Trairi,-3.28,-39.27,79.0,81,59,8.68,BR,2020-12-15 03:43:50
450,Iralaya,15.0,-83.23,77.05,88,36,8.16,HN,2020-12-15 03:47:01
451,Verkhoyansk,67.54,133.38,-40.81,72,0,0.38,RU,2020-12-15 03:47:01
452,Tulun,54.56,100.58,14.27,92,100,5.01,RU,2020-12-15 03:47:01
453,San Policarpo,12.18,125.51,83.17,81,61,12.95,PH,2020-12-15 03:47:02
454,Rock Springs,41.59,-109.2,19.4,85,90,3.36,US,2020-12-15 03:44:06
455,Necochea,-38.55,-58.74,57.0,71,12,9.28,AR,2020-12-15 03:47:02
456,Bang Saphan,11.21,99.51,84.99,83,90,1.12,TH,2020-12-15 03:47:03
457,Hami,42.8,93.45,19.63,69,0,6.26,CN,2020-12-15 03:47:03
458,Maues,-3.38,-57.72,75.0,87,82,2.46,BR,2020-12-15 03:47:03
459,Saint George,37.1,-113.58,36.0,55,1,13.87,US,2020-12-15 03:47:03
460,Grand-Bourg,15.88,-61.31,73.4,94,29,1.12,GP,2020-12-15 03:47:03
461,Alugan,12.22,125.48,82.85,82,67,12.28,PH,2020-12-15 03:47:04
462,Babynino,54.39,35.73,23.0,92,90,2.24,RU,2020-12-15 03:47:04
463,Richards Bay,-28.78,32.04,74.28,92,100,5.48,ZA,2020-12-15 03:47:04
464,Laguna,38.42,-121.42,46.0,81,1,4.94,US,2020-12-15 03:44:53
465,Dali,25.7,100.18,58.84,44,0,5.17,CN,2020-12-15 03:47:04
466,Port-Gentil,-0.72,8.78,79.12,83,29,9.95,GA,2020-12-15 03:47:04
467,Songjianghe,42.19,127.48,0.81,69,100,9.22,CN,2020-12-15 03:47:05
468,Gweta,-20.18,25.23,70.56,87,100,2.8,BW,2020-12-15 03:47:05
469,Acapulco,16.86,-99.89,78.8,78,40,4.7,MX,2020-12-15 03:46:21
470,Lorengau,-2.02,147.27,84.31,73,95,6.06,PG,2020-12-15 03:47:05
471,Kosh-Agach,50.0,88.67,-9.06,85,74,0.67,RU,2020-12-15 03:47:05
472,Vila Franca Do Campo,37.72,-25.43,60.8,72,75,24.16,PT,2020-12-15 03:42:31
473,Rantauprapat,2.1,99.83,85.42,66,100,0.34,ID,2020-12-15 03:47:05
474,Mizdah,31.45,12.98,45.93,64,33,4.72,LY,2020-12-15 03:47:05
475,Kuantan,3.81,103.33,82.4,78,20,5.82,MY,2020-12-15 03:47:05
476,Bjornevatn,69.67,29.98,23.0,92,90,27.51,NO,2020-12-15 03:47:06
477,Miyako,39.64,141.95,31.66,78,50,22.32,JP,2020-12-15 03:47:06
478,Munster,51.96,7.63,46.0,87,75,5.82,DE,2020-12-15 03:44:12
479,Jos,9.92,8.9,63.95,27,93,5.66,NG,2020-12-15 03:47:06
480,Lapua,62.97,23.01,28.0,94,99,1.99,FI,2020-12-15 03:47:06
481,Sumbe,-11.21,13.84,72.75,82,2,3.85,AO,2020-12-15 03:47:06
482,Bam,29.11,58.36,45.0,50,0,1.83,IR,2020-12-15 03:47:06
483,Ixtapa,20.7,-105.2,73.4,83,75,4.7,MX,2020-12-15 03:42:25
484,Andros,37.83,24.93,57.99,82,100,20.8,GR,2020-12-15 03:47:07
485,Shelburne,44.08,-80.2,27.0,94,88,16.02,CA,2020-12-15 03:44:08
486,Merauke,-8.47,140.33,90.03,59,81,4.97,ID,2020-12-15 03:47:07
487,Buckeye,33.37,-112.58,54.0,45,0,3.36,US,2020-12-15 03:47:07
488,Vardo,70.37,31.11,29.86,97,100,23.42,NO,2020-12-15 03:47:07
489,Ternate,0.8,127.4,83.37,74,92,11.79,ID,2020-12-15 03:47:07
490,Huntington,38.42,-82.45,33.01,95,90,5.82,US,2020-12-15 03:47:07
491,Batemans Bay,-35.72,150.18,77.0,70,92,1.01,AU,2020-12-15 03:47:07
492,Adela,12.44,120.97,88.23,60,86,8.52,PH,2020-12-15 03:47:07
493,Gillette,44.29,-105.5,23.0,85,90,4.7,US,2020-12-15 03:47:08
494,Jennings,38.72,-90.26,28.99,74,75,4.7,US,2020-12-15 03:45:14
495,Tiznit,29.58,-9.5,56.03,87,100,0.34,MA,2020-12-15 03:47:08
496,Egvekinot,66.32,-179.17,2.91,91,30,11.7,RU,2020-12-15 03:42:11
497,Maltahohe,-24.83,16.98,61.12,26,0,7.72,NA,2020-12-15 03:43:47
498,Kahului,20.89,-156.47,80.6,57,40,17.22,US,2020-12-15 03:47:08
499,Gari,59.43,62.35,16.79,97,100,4.54,RU,2020-12-15 03:47:08
500,Nova Olimpia,-14.8,-57.29,73.38,84,100,2.08,BR,2020-12-15 03:47:08
501,Urengoy,65.97,78.37,-20.63,87,0,9.01,RU,2020-12-15 03:47:08
502,Bharatpur,27.22,77.48,59.52,41,0,5.41,IN,2020-12-15 03:47:09
503,Pangody,65.85,74.49,-13.94,90,92,8.01,RU,2020-12-15 03:47:09
504,Zabaykalsk,49.63,117.32,-6.95,83,0,4.9,RU,2020-12-15 03:47:09
505,Kutum,14.2,24.67,57.45,32,3,3.0,SD,2020-12-15 03:47:09
506,Aklavik,68.22,-135.01,-18.4,75,48,2.24,CA,2020-12-15 03:47:09
507,Zheleznodorozhnyy,55.75,38.0,23.0,92,90,8.95,RU,2020-12-15 03:47:09
508,Lata,40.16,-8.33,50.0,94,4,1.99,PT,2020-12-15 03:47:09
509,Mayo,38.89,-76.51,39.99,64,20,5.82,US,2020-12-15 03:47:09
510,Sinnamary,5.38,-52.95,78.57,87,3,9.15,GF,2020-12-15 03:47:10
511,Loandjili,-4.76,11.86,76.55,89,100,6.17,CG,2020-12-15 03:47:10
512,Madisonville,37.33,-87.5,28.4,86,1,6.15,US,2020-12-15 03:46:14
513,Kigonsera,-10.8,35.05,64.45,91,88,1.77,TZ,2020-12-15 03:47:10
514,Zeya,53.75,127.27,-5.12,76,0,3.65,RU,2020-12-15 03:47:10
515,Colares,38.8,-9.45,55.0,96,32,12.55,PT,2020-12-15 03:47:10
516,Kokkola,63.84,23.13,28.99,79,75,8.05,FI,2020-12-15 03:47:10
517,Grand-Santi,4.25,-54.38,72.43,97,11,2.21,GF,2020-12-15 03:42:44
518,Udachnyy,66.42,112.4,-23.8,67,0,2.24,RU,2020-12-15 03:47:10
519,Sesheke,-17.48,24.3,69.8,100,100,2.24,ZM,2020-12-15 03:47:10
520,Mehamn,71.04,27.85,27.63,95,100,12.55,NO,2020-12-15 03:42:45
521,Mumford,5.26,-0.76,78.48,87,25,8.43,GH,2020-12-15 03:47:11
522,Manggar,-2.88,108.27,85.8,66,100,1.66,ID,2020-12-15 03:47:11
523,Maldonado,-34.67,-54.92,69.01,48,0,6.93,UY,2020-12-15 03:44:26
524,Nepomuceno,-21.24,-45.24,68.2,87,100,0.78,BR,2020-12-15 03:43:09
525,Pauini,-7.71,-66.98,71.91,97,97,1.07,BR,2020-12-15 03:47:11
526,Garowe,8.41,48.48,64.69,64,91,9.98,SO,2020-12-15 03:47:11
527,Kurduvadi,18.08,75.43,74.59,56,0,12.84,IN,2020-12-15 03:47:11
528,Tahe,52.33,124.73,-4.38,77,1,5.99,CN,2020-12-15 03:47:11
529,Pinyug,60.25,47.78,15.42,97,89,5.21,RU,2020-12-15 03:47:12
530,Anapskaya,44.89,37.38,41.0,75,44,8.95,RU,2020-12-15 03:47:12
531,Taksimo,56.34,114.88,-24.2,77,84,1.83,RU,2020-12-15 03:47:12
532,Marawi,8.0,124.29,82.99,81,24,5.01,PH,2020-12-15 03:47:12
533,Luba,3.46,8.55,77.0,100,20,4.7,GQ,2020-12-15 03:47:12
534,Berdigestyakh,62.1,126.7,-24.38,86,99,3.76,RU,2020-12-15 03:47:12
